length,bias,count,library
18,C,11513,LerOX_20201010N
18,T,13674,LerOX_20201010N
18,G,12045,LerOX_20201010N
18,A,19914,LerOX_20201010N
19,C,25315,LerOX_20201010N
19,A,48607,LerOX_20201010N
19,T,58861,LerOX_20201010N
19,G,31719,LerOX_20201010N
20,T,81034,LerOX_20201010N
20,C,48659,LerOX_20201010N
20,G,49218,LerOX_20201010N
20,A,91477,LerOX_20201010N
21,T,224997,LerOX_20201010N
21,A,297622,LerOX_20201010N
21,C,131421,LerOX_20201010N
21,G,125147,LerOX_20201010N
22,C,314412,LerOX_20201010N
22,A,546858,LerOX_20201010N
22,T,468651,LerOX_20201010N
22,G,247149,LerOX_20201010N
23,A,928382,LerOX_20201010N
23,C,422073,LerOX_20201010N
23,T,616106,LerOX_20201010N
23,G,484181,LerOX_20201010N
24,A,5436601,LerOX_20201010N
24,G,1377028,LerOX_20201010N
24,C,1216340,LerOX_20201010N
24,T,1875615,LerOX_20201010N
25,G,21227,LerOX_20201010N
25,A,63580,LerOX_20201010N
25,T,20494,LerOX_20201010N
25,C,10133,LerOX_20201010N
26,T,1534,LerOX_20201010N
26,C,116,LerOX_20201010N
26,A,510,LerOX_20201010N
26,G,12017,LerOX_20201010N
27,G,61,LerOX_20201010N
27,A,52,LerOX_20201010N
27,C,29,LerOX_20201010N
27,T,58,LerOX_20201010N
28,A,17,LerOX_20201010N
28,G,105,LerOX_20201010N
28,T,48,LerOX_20201010N
28,C,12,LerOX_20201010N
